{"revised_2026_df": [{"year_end": 2026, "dt": 6524000.0, "gst": 4345000.0, "fed": 898000.0, "customs": 1312000.0, "gdp": 126195000.0, "gdp_nonagr": 97170150.0, "lsm": 10956866.891, "imports": 18497000, "dutiable_imports": 8693590, "exrate": 280.279, "inflation": 6.0, "consumption": NaN, "covid": 0, "regime": 1, "step_2024": 1, "dummy_2024": 0, "dummy_2025": 0, "dummy_1995": 0, "dummy_1996": 0, "dummy_2002": 0, "dummy_2003": 0, "log_dt": 15.747321782640086, "log_gst": 15.374286555596147, "log_fed": 13.696727021974308, "log_customs": 14.277985920789218, "log_gdp": 18.65333888763516, "log_gdp_nonagr": 18.39197412350075, "log_lsm": 16.20947693100672, "log_imports": 16.733119114736684, "log_dutiable_imports": 15.978096530458654, "log_consumption": 18.40556710614232, "log_exrate": 5.635785535635257, "policy rate": 11.16666666666667}], "editor_last_year": [{"year_end": 2026, "dt": 6902000.0, "gst": 4753000, "fed": 888000.0, "customs": 1588000.0, "gdp": 126195000.0, "gdp_nonagr": 97170150.0, "lsm": 10956866.891, "imports": 18497000, "dutiable_imports": 8693590, "exrate": 280.279, "inflation": 6.0, "consumption": NaN, "covid": 0, "regime": 1, "step_2024": 1, "dummy_2024": 0, "dummy_2025": 0, "dummy_1995": 0, "dummy_1996": 0, "dummy_2002": 1, "dummy_2003": 0, "policy rate": 11.16666666666667}]}